Suggestion0,Suggestion1,Suggestion2,Suggestion3,Suggestion4
تهران,تیران,مهران,دهلران,اصفهان
نهاوند,تهران,اصفهان,شیراز,مشهد
ساوه,پاوه,اوز,بانه,ساری
یاسوج,تهران,اصفهان,شیراز,مشهد
بندر انزلی,تهران,اصفهان,شیراز,مشهد
فومن,تهران,اصفهان,شیراز,مشهد
گناوه,ساوه,پاوه,تهران,اصفهان
کازرون,تهران,اصفهان,شیراز,مشهد
محمودآباد,تهران,اصفهان,شیراز,مشهد
گنبد کاووس,تهران,اصفهان,شیراز,مشهد
تبریز,تهران,اصفهان,شیراز,مشهد
ارومیه,ارزوییه,تهران,اصفهان,شیراز
فولادشهر,تهران,اصفهان,شیراز,مشهد
کاشان,کاشمر,کرمان,کنگان,تهران
اندیمشک,اندیشه,تهران,اصفهان,شیراز
کرمانشاه,تهران,اصفهان,شیراز,مشهد
جم,بم,قم,آمل,جهرم
ایلام,ایوان,دیلم,تهران,اصفهان
میبد,مرند,مشهد,یزد,تهران
رشت,رزن,ری,سردشت,قشم
بیجار,تهران,اصفهان,شیراز,مشهد
چابهار,ابهر,تهران,اصفهان,شیراز
تهران,تیران,مهران,دهلران,اصفهان
قائم شهر,تهران,اصفهان,شیراز,مشهد
آبادان,آباده,آبدانان,تهران,اصفهان
بهبهان,تهران,اصفهان,شیراز,مشهد
اراک,انار,انارک,داراب,سراب
سیرجان,تیران,شیروان,تهران,اصفهان
تهران - پایانه غرب,تهران - پایانه شرق,تهران,اصفهان,شیراز
بم,جم,قم,آمل,بیرم
کاشان,کاشمر,کرمان,کنگان,تهران
بوشهر,بهشهر,نوشهر,شوشتر,تهران
مهاباد,گناباد,تهران,اصفهان,شیراز
سمنان,همدان,تهران,اصفهان,شیراز
زرین شهر,تهران,اصفهان,شیراز,مشهد
اندیمشک,اندیشه,تهران,اصفهان,شیراز
اردبیل,تهران,اصفهان,شیراز,مشهد
زنجان,لنجان,کنگان,تهران,اصفهان
ساری,ری,ساوه,سایر,لار
رودسر,رامسر,رودان,رودبار,تهران
طبس,بم,تهران,اصفهان,شیراز
یاسوج,تهران,اصفهان,شیراز,مشهد
شیراز,تیران,شیروان,شیرگاه,تهران
دهدشت,سردشت,کوهدشت,تهران,اصفهان
سمنان,همدان,تهران,اصفهان,شیراز
میانه,بانه,مراغه,تهران,اصفهان
بندرعباس,تهران,اصفهان,شیراز,مشهد
ارومیه,ارزوییه,تهران,اصفهان,شیراز
دامغان,تهران,اصفهان,شیراز,مشهد
ملایر,سایر,لار,تهران,اصفهان
نجف آباد,نوک آباد,تهران,اصفهان,شیراز
شهرکرد,شهرک,تهران,اصفهان,شیراز
طبس,بم,تهران,اصفهان,شیراز
اردبیل,تهران,اصفهان,شیراز,مشهد
کرج,خنج,ری,تهران,اصفهان
بندرعباس,تهران,اصفهان,شیراز,مشهد
بیرجند,تهران,اصفهان,شیراز,مشهد
دامغان,تهران,اصفهان,شیراز,مشهد
خرم آباد,تهران,اصفهان,شیراز,مشهد
کاشان,کاشمر,کرمان,کنگان,تهران
ملایر,سایر,لار,تهران,اصفهان
تهران,تیران,مهران,دهلران,اصفهان
عسلویه,عسلويه,تهران,اصفهان,شیراز
فردوس,تهران,اصفهان,شیراز,مشهد
اصفهان - پایانه کاوه,تهران,اصفهان,شیراز,مشهد
اندیمشک,اندیشه,تهران,اصفهان,شیراز
جهرم,اهر,بیرم,جاجرم,جم
قزوین,تهران,اصفهان,شیراز,مشهد
دهدشت,سردشت,کوهدشت,تهران,اصفهان
میبد,مرند,مشهد,یزد,تهران
زنجان,لنجان,کنگان,تهران,اصفهان
کازرون,تهران,اصفهان,شیراز,مشهد
خوانسار,تهران,اصفهان,شیراز,مشهد
شیراز,تیران,شیروان,شیرگاه,تهران
بابلسر,بابل,تهران,اصفهان,شیراز
کنگان,زنجان,لنجان,کاشان,کرمان
آبادان,آباده,آبدانان,تهران,اصفهان
بابل,زابل,بابلسر,بافت,بانه
شهرکرد,شهرک,تهران,اصفهان,شیراز
بیرجند,تهران,اصفهان,شیراز,مشهد
بوشهر,بهشهر,نوشهر,شوشتر,تهران
لامرد,لار,تهران,اصفهان,شیراز
رفسنجان,تهران,اصفهان,شیراز,مشهد
سنندج,تهران,اصفهان,شیراز,مشهد
سمنان,همدان,تهران,اصفهان,شیراز
ایرانشهر,پیرانشهر,تهران,اصفهان,شیراز
شاهرود,تهران,اصفهان,شیراز,مشهد
شوشتر,الشتر,بوشهر,شبستر,شوش
کرمانشاه,تهران,اصفهان,شیراز,مشهد
رودسر,رامسر,رودان,رودبار,تهران
مهاباد,گناباد,تهران,اصفهان,شیراز
شهرکرد,شهرک,تهران,اصفهان,شیراز
یزد,رزن,میبد,تهران,اصفهان
اصفهان,تهران,شیراز,مشهد,رشت
جیرفت,تهران,اصفهان,شیراز,مشهد
مشهد,مرند,میبد,تهران,اصفهان
ایرانشهر,پیرانشهر,تهران,اصفهان,شیراز
زابل,بابل,تهران,اصفهان,شیراز
تهران,تیران,مهران,دهلران,اصفهان
دزفول,تهران,اصفهان,شیراز,مشهد
خمین,خوی,تهران,اصفهان,شیراز
رشت,رزن,ری,سردشت,قشم
فرودگاه امام خمینی,تهران,اصفهان,شیراز,مشهد
قائم شهر,تهران,اصفهان,شیراز,مشهد
لاهیجان,تهران,اصفهان,شیراز,مشهد
نائین,باغین,قائن,تهران,اصفهان
چابهار,ابهر,تهران,اصفهان,شیراز
آبادان,آباده,آبدانان,تهران,اصفهان
شهرضا,شهرک,شهریار,تهران,اصفهان
همدان,رودان,سمنان,تهران,اصفهان
سبزوار,تهران,اصفهان,شیراز,مشهد
نوشهر,بوشهر,بهشهر,شوشتر,نور
مهران,تهران,تیران,دهلران,اصفهان
میبد,مرند,مشهد,یزد,تهران
همدان,رودان,سمنان,تهران,اصفهان
کرج,خنج,ری,تهران,اصفهان
تبریز,تهران,اصفهان,شیراز,مشهد
تهران,تیران,مهران,دهلران,اصفهان
بهشهر,بوشهر,ماهشهر,نوشهر,تهران
اصفهان,تهران,شیراز,مشهد,رشت
دزفول,تهران,اصفهان,شیراز,مشهد
نائین,باغین,قائن,تهران,اصفهان
بندر دیر,تهران,اصفهان,شیراز,مشهد
اقلید,تهران,اصفهان,شیراز,مشهد
ابهر,اهر,انار,چابهار,تهران
تویسرکان,تهران,اصفهان,شیراز,مشهد
تهران,تیران,مهران,دهلران,اصفهان
بروجرد,بروجن,تهران,اصفهان,شیراز
دورود,تهران,اصفهان,شیراز,مشهد
رشت,رزن,ری,سردشت,قشم
نیشابور,تهران,اصفهان,شیراز,مشهد
تهران,تیران,مهران,دهلران,اصفهان
بندر انزلی,تهران,اصفهان,شیراز,مشهد
میانه,بانه,مراغه,تهران,اصفهان
سلماس,تهران,اصفهان,شیراز,مشهد
دورود,تهران,اصفهان,شیراز,مشهد
بندرعباس,تهران,اصفهان,شیراز,مشهد
بهبهان,تهران,اصفهان,شیراز,مشهد
سبزوار,تهران,اصفهان,شیراز,مشهد
سنندج,تهران,اصفهان,شیراز,مشهد
قائم شهر,تهران,اصفهان,شیراز,مشهد
مشهد,مرند,میبد,تهران,اصفهان
اهواز,اوز,ایوان,تهران,اصفهان
دامغان,تهران,اصفهان,شیراز,مشهد
شاهرود,تهران,اصفهان,شیراز,مشهد
تبریز,تهران,اصفهان,شیراز,مشهد
تهران,تیران,مهران,دهلران,اصفهان
بابل,زابل,بابلسر,بافت,بانه
فردوس,تهران,اصفهان,شیراز,مشهد
نوشهر,بوشهر,بهشهر,شوشتر,نور
ساری,ری,ساوه,سایر,لار
گرگان,درگهان,لردگان,کرمان,کنگان
بوکان,رودان,رویان,قوچان,تهران
رشت,رزن,ری,سردشت,قشم
کوهدشت,دهدشت,تهران,اصفهان,شیراز
مشهد,مرند,میبد,تهران,اصفهان
بندرعباس,تهران,اصفهان,شیراز,مشهد
آمل,املش,بم,جم,قم
کلاچای,تهران,اصفهان,شیراز,مشهد
لنگرود,تهران,اصفهان,شیراز,مشهد
دیلم,ایلام,بیرم,تهران,اصفهان
گناباد,مهاباد,تهران,اصفهان,شیراز
ارومیه,ارزوییه,تهران,اصفهان,شیراز
بجنورد,تهران,اصفهان,شیراز,مشهد
شیراز,تیران,شیروان,شیرگاه,تهران
سراوان,سرایان,مریوان,تهران,اصفهان
داراب,اراک,سراب,تهران,اصفهان
لنگرود,تهران,اصفهان,شیراز,مشهد
شیراز,تیران,شیروان,شیرگاه,تهران
ماهشهر,بهشهر,تهران,اصفهان,شیراز
کرج,خنج,ری,تهران,اصفهان
قزوین,تهران,اصفهان,شیراز,مشهد
تهران,تیران,مهران,دهلران,اصفهان
تنکابن,تکاب,تهران,اصفهان,شیراز
کلاله,تهران,اصفهان,شیراز,مشهد
عسلویه,عسلويه,تهران,اصفهان,شیراز
تهران,تیران,مهران,دهلران,اصفهان
رشت,رزن,ری,سردشت,قشم
ماکو,تهران,اصفهان,شیراز,مشهد
خوانسار,تهران,اصفهان,شیراز,مشهد
یزد,رزن,میبد,تهران,اصفهان
بندرعباس,تهران,اصفهان,شیراز,مشهد
محلات,تهران,اصفهان,شیراز,مشهد
شوشتر,الشتر,بوشهر,شبستر,شوش
بندرعباس,تهران,اصفهان,شیراز,مشهد
محمودآباد,تهران,اصفهان,شیراز,مشهد
آبادان,آباده,آبدانان,تهران,اصفهان
بندرعباس,تهران,اصفهان,شیراز,مشهد
ری,بم,جم,خوی,رزن
عسلویه,عسلويه,تهران,اصفهان,شیراز
همدان,رودان,سمنان,تهران,اصفهان
قائم شهر,تهران,اصفهان,شیراز,مشهد
آستارا,تهران,اصفهان,شیراز,مشهد
بهبهان,تهران,اصفهان,شیراز,مشهد
مهاباد,گناباد,تهران,اصفهان,شیراز
هشتپر,هشتگرد,تهران,اصفهان,شیراز
ماهشهر,بهشهر,تهران,اصفهان,شیراز
دورود,تهران,اصفهان,شیراز,مشهد
مراغه,میانه,تهران,اصفهان,شیراز
بروجرد,بروجن,تهران,اصفهان,شیراز
همدان,رودان,سمنان,تهران,اصفهان
حاجی آباد قائن,تهران,اصفهان,شیراز,مشهد
سقز,اوز,سنقر,قم,تهران
ساری,ری,ساوه,سایر,لار
کرج,خنج,ری,تهران,اصفهان
گرگان,درگهان,لردگان,کرمان,کنگان
خرم آباد,تهران,اصفهان,شیراز,مشهد
بابل,زابل,بابلسر,بافت,بانه
کرج,خنج,ری,تهران,اصفهان
خوی,خور,اوز,خاش,خمین
بهشهر,بوشهر,ماهشهر,نوشهر,تهران
ارومیه,ارزوییه,تهران,اصفهان,شیراز
عسلویه,عسلويه,تهران,اصفهان,شیراز
ایرانشهر,پیرانشهر,تهران,اصفهان,شیراز
ساری,ری,ساوه,سایر,لار
تهران,تیران,مهران,دهلران,اصفهان
آمل,املش,بم,جم,قم
اهواز,اوز,ایوان,تهران,اصفهان
عسلویه,عسلويه,تهران,اصفهان,شیراز
ساری,ری,ساوه,سایر,لار
چابهار,ابهر,تهران,اصفهان,شیراز
شاهین شهر,تهران,اصفهان,شیراز,مشهد
کرمان,کاشان,کنگان,گرگان,تهران
بهبهان,تهران,اصفهان,شیراز,مشهد
قشم,قم,بم,جم,رشت
لار,انار,اهر,خاش,خور
چالوس,تهران,اصفهان,شیراز,مشهد
شاهرود,تهران,اصفهان,شیراز,مشهد
بندرعباس,تهران,اصفهان,شیراز,مشهد
اراک,انار,انارک,داراب,سراب
اقلید,تهران,اصفهان,شیراز,مشهد
شیراز,تیران,شیروان,شیرگاه,تهران
ایذه,تهران,اصفهان,شیراز,مشهد
اصفهان,تهران,شیراز,مشهد,رشت
خمین,خوی,تهران,اصفهان,شیراز
کازرون,تهران,اصفهان,شیراز,مشهد
گنبد کاووس,تهران,اصفهان,شیراز,مشهد
زنجان,لنجان,کنگان,تهران,اصفهان
ایرانشهر,پیرانشهر,تهران,اصفهان,شیراز
بروجرد,بروجن,تهران,اصفهان,شیراز
چابهار,ابهر,تهران,اصفهان,شیراز
ارومیه,ارزوییه,تهران,اصفهان,شیراز
آمل,املش,بم,جم,قم
دزفول,تهران,اصفهان,شیراز,مشهد
تهران,تیران,مهران,دهلران,اصفهان
دزفول,تهران,اصفهان,شیراز,مشهد
عباس آباد,تهران,اصفهان,شیراز,مشهد
کاشان,کاشمر,کرمان,کنگان,تهران
قائم شهر,تهران,اصفهان,شیراز,مشهد
تبریز,تهران,اصفهان,شیراز,مشهد
ماهشهر,بهشهر,تهران,اصفهان,شیراز
نهاوند,تهران,اصفهان,شیراز,مشهد
دزفول,تهران,اصفهان,شیراز,مشهد
جهرم,اهر,بیرم,جاجرم,جم
تربت حیدریه,تهران,اصفهان,شیراز,مشهد
تهران - پایانه غرب,تهران - پایانه شرق,تهران,اصفهان,شیراز
لنگرود,تهران,اصفهان,شیراز,مشهد
بوکان,رودان,رویان,قوچان,تهران
تهران,تیران,مهران,دهلران,اصفهان
قائم شهر,تهران,اصفهان,شیراز,مشهد
خرم آباد,تهران,اصفهان,شیراز,مشهد
بجنورد,تهران,اصفهان,شیراز,مشهد
اصفهان,تهران,شیراز,مشهد,رشت
تبریز,تهران,اصفهان,شیراز,مشهد
کنگان,زنجان,لنجان,کاشان,کرمان
بهبهان,تهران,اصفهان,شیراز,مشهد
تنکابن,تکاب,تهران,اصفهان,شیراز
نجف آباد,نوک آباد,تهران,اصفهان,شیراز
اردبیل,تهران,اصفهان,شیراز,مشهد
شیراز,تیران,شیروان,شیرگاه,تهران
کازرون,تهران,اصفهان,شیراز,مشهد
دهدشت,سردشت,کوهدشت,تهران,اصفهان
گناوه,ساوه,پاوه,تهران,اصفهان
بندر انزلی,تهران,اصفهان,شیراز,مشهد
سنندج,تهران,اصفهان,شیراز,مشهد
محلات,تهران,اصفهان,شیراز,مشهد
شوشتر,الشتر,بوشهر,شبستر,شوش
کوهدشت,دهدشت,تهران,اصفهان,شیراز
نهاوند,تهران,اصفهان,شیراز,مشهد
ایرانشهر,پیرانشهر,تهران,اصفهان,شیراز
مسجد سلیمان,مسجدسلیمان,تهران,اصفهان,شیراز
شاهین شهر,تهران,اصفهان,شیراز,مشهد
یاسوج,تهران,اصفهان,شیراز,مشهد
چالوس,تهران,اصفهان,شیراز,مشهد
لاهیجان,تهران,اصفهان,شیراز,مشهد
داراب,اراک,سراب,تهران,اصفهان
اردبیل,تهران,اصفهان,شیراز,مشهد
بیرجند,تهران,اصفهان,شیراز,مشهد
ساری,ری,ساوه,سایر,لار
سمنان,همدان,تهران,اصفهان,شیراز
لامرد,لار,تهران,اصفهان,شیراز
بیرجند,تهران,اصفهان,شیراز,مشهد
اصفهان,تهران,شیراز,مشهد,رشت
محمودآباد,تهران,اصفهان,شیراز,مشهد
فرودگاه امام خمینی,تهران,اصفهان,شیراز,مشهد
تهران,تیران,مهران,دهلران,اصفهان
ابهر,اهر,انار,چابهار,تهران
رویان,رودان,بوکان,سرایان,قوچان
مراغه,میانه,تهران,اصفهان,شیراز
چابهار,ابهر,تهران,اصفهان,شیراز
ایرانشهر,پیرانشهر,تهران,اصفهان,شیراز
ایلام,ایوان,دیلم,تهران,اصفهان
بوشهر,بهشهر,نوشهر,شوشتر,تهران
تهران,تیران,مهران,دهلران,اصفهان
یزد,رزن,میبد,تهران,اصفهان
قائم شهر,تهران,اصفهان,شیراز,مشهد
ساوه,پاوه,اوز,بانه,ساری
رشت,رزن,ری,سردشت,قشم
شیراز,تیران,شیروان,شیرگاه,تهران
قم,بم,جم,قشم,آمل
ملایر,سایر,لار,تهران,اصفهان
ملایر,سایر,لار,تهران,اصفهان
زاهدان,تهران,اصفهان,شیراز,مشهد
اصفهان,تهران,شیراز,مشهد,رشت
اهواز - پایانه تپه,تهران,اصفهان,شیراز,مشهد
بروجرد,بروجن,تهران,اصفهان,شیراز
بجنورد,تهران,اصفهان,شیراز,مشهد
خمین,خوی,تهران,اصفهان,شیراز
گرگان,درگهان,لردگان,کرمان,کنگان
بندر انزلی,تهران,اصفهان,شیراز,مشهد
رامسر,رودسر,تهران,اصفهان,شیراز
مهاباد,گناباد,تهران,اصفهان,شیراز
سبزوار,تهران,اصفهان,شیراز,مشهد
استانبول (ترکیه),تهران,اصفهان,شیراز,مشهد
زاهدان,تهران,اصفهان,شیراز,مشهد
استانبول (ترکیه),تهران,اصفهان,شیراز,مشهد
چابهار,ابهر,تهران,اصفهان,شیراز
فومن,تهران,اصفهان,شیراز,مشهد
دامغان,تهران,اصفهان,شیراز,مشهد
مهاباد,گناباد,تهران,اصفهان,شیراز
تنکابن,تکاب,تهران,اصفهان,شیراز
بندرعباس,تهران,اصفهان,شیراز,مشهد
اصفهان,تهران,شیراز,مشهد,رشت
کلاچای,تهران,اصفهان,شیراز,مشهد
جهرم,اهر,بیرم,جاجرم,جم
شهرکرد,شهرک,تهران,اصفهان,شیراز
اصفهان,تهران,شیراز,مشهد,رشت
قم,بم,جم,قشم,آمل
شهرکرد,شهرک,تهران,اصفهان,شیراز
مهران,تهران,تیران,دهلران,اصفهان
همدان,رودان,سمنان,تهران,اصفهان
رفسنجان,تهران,اصفهان,شیراز,مشهد
لنگرود,تهران,اصفهان,شیراز,مشهد
زاهدان,تهران,اصفهان,شیراز,مشهد
آبادان,آباده,آبدانان,تهران,اصفهان
بیرجند,تهران,اصفهان,شیراز,مشهد
اهواز,اوز,ایوان,تهران,اصفهان
آبادان,آباده,آبدانان,تهران,اصفهان
سقز,اوز,سنقر,قم,تهران
بندرعباس,تهران,اصفهان,شیراز,مشهد
نوشهر,بوشهر,بهشهر,شوشتر,نور
عسلویه,عسلويه,تهران,اصفهان,شیراز
سمنان,همدان,تهران,اصفهان,شیراز
مراغه,میانه,تهران,اصفهان,شیراز
تنکابن,تکاب,تهران,اصفهان,شیراز
دورود,تهران,اصفهان,شیراز,مشهد
ازنا,انار,رزن,تهران,اصفهان
مهاباد,گناباد,تهران,اصفهان,شیراز
کرمان,کاشان,کنگان,گرگان,تهران
بندر لنگه,تهران,اصفهان,شیراز,مشهد
ایلام,ایوان,دیلم,تهران,اصفهان
بهشهر,بوشهر,ماهشهر,نوشهر,تهران
کهنوج,تهران,اصفهان,شیراز,مشهد
ماهشهر,بهشهر,تهران,اصفهان,شیراز
تهران,تیران,مهران,دهلران,اصفهان
شهرکرد,شهرک,تهران,اصفهان,شیراز
رشت,رزن,ری,سردشت,قشم
آبادان,آباده,آبدانان,تهران,اصفهان
شیراز,تیران,شیروان,شیرگاه,تهران
لاهیجان,تهران,اصفهان,شیراز,مشهد
کنگان,زنجان,لنجان,کاشان,کرمان
تهران,تیران,مهران,دهلران,اصفهان
آبادان,آباده,آبدانان,تهران,اصفهان
اسفراین,تهران,اصفهان,شیراز,مشهد
کنگان,زنجان,لنجان,کاشان,کرمان
لاهیجان,تهران,اصفهان,شیراز,مشهد
آمل,املش,بم,جم,قم
نوشهر,بوشهر,بهشهر,شوشتر,نور
کرمان,کاشان,کنگان,گرگان,تهران
تربت حیدریه,تهران,اصفهان,شیراز,مشهد
بجنورد,تهران,اصفهان,شیراز,مشهد
جهرم,اهر,بیرم,جاجرم,جم
نیشابور,تهران,اصفهان,شیراز,مشهد
مشهد,مرند,میبد,تهران,اصفهان
تبریز,تهران,اصفهان,شیراز,مشهد
کرج,خنج,ری,تهران,اصفهان
شهرکرد,شهرک,تهران,اصفهان,شیراز
چالوس,تهران,اصفهان,شیراز,مشهد
خرمشهر,تهران,اصفهان,شیراز,مشهد
فرودگاه امام خمینی,تهران,اصفهان,شیراز,مشهد
قشم,قم,بم,جم,رشت
بندرعباس,تهران,اصفهان,شیراز,مشهد
اردکان,اردستان,لردگان,تهران,اصفهان
تهران,تیران,مهران,دهلران,اصفهان
اندیمشک,اندیشه,تهران,اصفهان,شیراز
خرم آباد,تهران,اصفهان,شیراز,مشهد
اراک,انار,انارک,داراب,سراب
گلپایگان,تهران,اصفهان,شیراز,مشهد
یزد,رزن,میبد,تهران,اصفهان
محمودآباد,تهران,اصفهان,شیراز,مشهد
کرمانشاه,تهران,اصفهان,شیراز,مشهد
اصفهان,تهران,شیراز,مشهد,رشت
لاهیجان,تهران,اصفهان,شیراز,مشهد
مشهد,مرند,میبد,تهران,اصفهان
گچساران,تهران,اصفهان,شیراز,مشهد
فسا,نکا,تهران,اصفهان,شیراز
بندرعباس,تهران,اصفهان,شیراز,مشهد
کرج,خنج,ری,تهران,اصفهان
لنگرود,تهران,اصفهان,شیراز,مشهد
خرمشهر,تهران,اصفهان,شیراز,مشهد
ایذه,تهران,اصفهان,شیراز,مشهد
زابل,بابل,تهران,اصفهان,شیراز
نیشابور,تهران,اصفهان,شیراز,مشهد
شاهرود,تهران,اصفهان,شیراز,مشهد
سبزوار,تهران,اصفهان,شیراز,مشهد
سیرجان,تیران,شیروان,تهران,اصفهان
بندرعباس,تهران,اصفهان,شیراز,مشهد
پارسیان,فارسان,تهران,اصفهان,شیراز
ساری,ری,ساوه,سایر,لار
بندر انزلی,تهران,اصفهان,شیراز,مشهد
رفسنجان,تهران,اصفهان,شیراز,مشهد
تهران,تیران,مهران,دهلران,اصفهان
مریوان,ایوان,سراوان,تهران,اصفهان
اهواز,اوز,ایوان,تهران,اصفهان
آباده,آبادان,بانه,تهران,اصفهان
نهاوند,تهران,اصفهان,شیراز,مشهد
تهران,تیران,مهران,دهلران,اصفهان
زنجان,لنجان,کنگان,تهران,اصفهان
آبادان,آباده,آبدانان,تهران,اصفهان
بابل,زابل,بابلسر,بافت,بانه
گنبد کاووس,تهران,اصفهان,شیراز,مشهد
اردکان,اردستان,لردگان,تهران,اصفهان
تفرش,تهران,اصفهان,شیراز,مشهد
قائم شهر,تهران,اصفهان,شیراز,مشهد
شاهرود,تهران,اصفهان,شیراز,مشهد
سیرجان,تیران,شیروان,تهران,اصفهان
رامسر,رودسر,تهران,اصفهان,شیراز
سیرجان,تیران,شیروان,تهران,اصفهان
نیشابور,تهران,اصفهان,شیراز,مشهد
تهران,تیران,مهران,دهلران,اصفهان
اصفهان,تهران,شیراز,مشهد,رشت
مهران,تهران,تیران,دهلران,اصفهان
سیرجان,تیران,شیروان,تهران,اصفهان
خرمشهر,تهران,اصفهان,شیراز,مشهد
ارومیه,ارزوییه,تهران,اصفهان,شیراز
خوی,خور,اوز,خاش,خمین
تاکستان,تهران,اصفهان,شیراز,مشهد
زاهدان,تهران,اصفهان,شیراز,مشهد
بوشهر,بهشهر,نوشهر,شوشتر,تهران
شیراز,تیران,شیروان,شیرگاه,تهران
فردوس,تهران,اصفهان,شیراز,مشهد
ماهشهر,بهشهر,تهران,اصفهان,شیراز
بندر انزلی,تهران,اصفهان,شیراز,مشهد
نجف آباد,نوک آباد,تهران,اصفهان,شیراز
خرم آباد,تهران,اصفهان,شیراز,مشهد
شیراز - پایانه کاراندیش,تهران,اصفهان,شیراز,مشهد
تهران,تیران,مهران,دهلران,اصفهان
اصفهان,تهران,شیراز,مشهد,رشت
شیراز,تیران,شیروان,شیرگاه,تهران
اصفهان,تهران,شیراز,مشهد,رشت
بندر انزلی,تهران,اصفهان,شیراز,مشهد
گرگان,درگهان,لردگان,کرمان,کنگان
پارس آباد,تهران,اصفهان,شیراز,مشهد
قم,بم,جم,قشم,آمل
الیگودرز,تهران,اصفهان,شیراز,مشهد
آستارا,تهران,اصفهان,شیراز,مشهد
قزوین,تهران,اصفهان,شیراز,مشهد
اندیمشک,اندیشه,تهران,اصفهان,شیراز
قزوین,تهران,اصفهان,شیراز,مشهد
زاهدان,تهران,اصفهان,شیراز,مشهد
اصفهان,تهران,شیراز,مشهد,رشت
زنجان,لنجان,کنگان,تهران,اصفهان
آستارا,تهران,اصفهان,شیراز,مشهد
بروجرد,بروجن,تهران,اصفهان,شیراز
شهرضا,شهرک,شهریار,تهران,اصفهان
ایلام,ایوان,دیلم,تهران,اصفهان
اراک,انار,انارک,داراب,سراب
آستارا,تهران,اصفهان,شیراز,مشهد
رشت,رزن,ری,سردشت,قشم
یاسوج,تهران,اصفهان,شیراز,مشهد
سنندج,تهران,اصفهان,شیراز,مشهد
رامسر,رودسر,تهران,اصفهان,شیراز
بندرعباس,تهران,اصفهان,شیراز,مشهد
شیراز,تیران,شیروان,شیرگاه,تهران
لامرد,لار,تهران,اصفهان,شیراز
رامسر,رودسر,تهران,اصفهان,شیراز
دهق,اهر,تهران,اصفهان,شیراز
اندیمشک,اندیشه,تهران,اصفهان,شیراز
اهواز,اوز,ایوان,تهران,اصفهان
رودسر,رامسر,رودان,رودبار,تهران
اردبیل,تهران,اصفهان,شیراز,مشهد
تهران,تیران,مهران,دهلران,اصفهان
آمل,املش,بم,جم,قم
تربت حیدریه,تهران,اصفهان,شیراز,مشهد
خرم آباد,تهران,اصفهان,شیراز,مشهد
بهشهر,بوشهر,ماهشهر,نوشهر,تهران
کهنوج,تهران,اصفهان,شیراز,مشهد
طبس,بم,تهران,اصفهان,شیراز
نهاوند,تهران,اصفهان,شیراز,مشهد
بابلسر,بابل,تهران,اصفهان,شیراز
تبریز,تهران,اصفهان,شیراز,مشهد
قشم,قم,بم,جم,رشت
اردبیل,تهران,اصفهان,شیراز,مشهد
تهران,تیران,مهران,دهلران,اصفهان
رفسنجان,تهران,اصفهان,شیراز,مشهد
آبادان,آباده,آبدانان,تهران,اصفهان
رودسر,رامسر,رودان,رودبار,تهران
مشهد,مرند,میبد,تهران,اصفهان
نور,خور,نیر,انار,اهر
گرگان,درگهان,لردگان,کرمان,کنگان
چالوس,تهران,اصفهان,شیراز,مشهد
نوشهر,بوشهر,بهشهر,شوشتر,نور
تنکابن,تکاب,تهران,اصفهان,شیراز
اهواز,اوز,ایوان,تهران,اصفهان
یزد,رزن,میبد,تهران,اصفهان
کرج,خنج,ری,تهران,اصفهان
بوکان,رودان,رویان,قوچان,تهران
داراب,اراک,سراب,تهران,اصفهان
آبادان,آباده,آبدانان,تهران,اصفهان
